<?xml version="1.0" encoding="UTF-8"?>
<project-private xmlns="http://www.netbeans.org/ns/project-private/1">
    <editor-bookmarks xmlns="http://www.netbeans.org/ns/editor-bookmarks/2" lastBookmarkId="0"/>
    <open-files xmlns="http://www.netbeans.org/ns/projectui-open-files/2">
        <group>
            <file>file:/Applications/XAMPP/xamppfiles/htdocs/listafacil/src/App/SiteBundle/Resources/views/Pages/index.html.twig</file>
            <file>file:/Applications/XAMPP/xamppfiles/htdocs/listafacil/app/config/config.yml</file>
            <file>file:/Applications/XAMPP/xamppfiles/htdocs/listafacil/app/config/security.yml</file>
            <file>file:/Applications/XAMPP/xamppfiles/htdocs/listafacil/src/App/TiendaOnlineBundle/Resources/config/doctrine/Banner.orm.yml</file>
            <file>file:/Applications/XAMPP/xamppfiles/htdocs/listafacil/src/App/TiendaOnlineBundle/Resources/config/doctrine/Usuario.orm.yml</file>
            <file>file:/Applications/XAMPP/xamppfiles/htdocs/listafacil/src/App/TiendaOnlineBundle/Resources/config/doctrine/Configuracion.orm.yml</file>
            <file>file:/Applications/XAMPP/xamppfiles/htdocs/listafacil/composer.json</file>
            <file>file:/Applications/XAMPP/xamppfiles/htdocs/listafacil/src/App/TiendaOnlineBundle/Resources/config/doctrine/Institucion.orm.yml</file>
            <file>file:/Applications/XAMPP/xamppfiles/htdocs/listafacil/app/AppKernel.php</file>
        </group>
    </open-files>
</project-private>
